name,heading_raw,berkeley_credentials_raw,prize_category,prize_year,decade,relationship,description,photo_url,photo_alt,nobel_link,source_url,nobel_api_match,berkeley_degrees,berkeley_phd_year,nobel_laureate_id,nobel_known_name,nobel_full_name,nobel_given_name,nobel_family_name,nobel_gender,nobel_birth_date,nobel_birth_city,nobel_birth_country,nobel_birth_country_now,nobel_death_date,nobel_death_city,nobel_death_country,nobel_wikipedia,nobel_wikidata_id,nobel_prize_full_name,nobel_motivation,nobel_portion,nobel_date_awarded,nobel_prize_amount,nobel_prize_amount_adjusted,nobel_affiliations_at_award,nobel_other_nobel_prizes,nobel_co_laureates,nobel_age_at_award,nobel_age_at_death
Svante Pääbo,Svante Pääbo Postdoctoral Fellow ’87–’90,Postdoctoral Fellow ’87–’90,Physiology or Medicine,2022,2020s,Alumni,The Nobel Prize in Physiology or Medicine 2022 was awarded to Svante Pääbo “for his discoveries concerning the genomes of extinct hominins and human evolution.”,https://storage.googleapis.com/campaign-identity/images/Paabo.2e16d0ba.fill-300x300.png,photo of Svante Pääbo,https://www.nobelprize.org/prizes/medicine/2022/paabo/facts/,https://inspire.berkeley.edu/get-inspired/nobels/,TRUE,Postdoctoral Fellow 1987–1990,,1011,Svante Pääbo,Svante Pääbo,Svante,Pääbo,male,1955-04-20,Stockholm,Sweden,Sweden,,,,https://en.wikipedia.org/wiki/Svante_Pääbo,Q170342,The Nobel Prize in Physiology or Medicine,for his discoveries concerning the genomes of extinct hominins and human evolution,1,2022-10-03,10000000,11162900,"Max Planck Institute for Evolutionary Anthropology, Leipzig, Germany; Okinawa Institute of Science and Technology, Okinawa, Japan; Leipzig University, Leipzig, Germany",,,67,
Henry Taube,Henry Taube Ph.D. ’40,Ph.D. ’40,Chemistry,1983,1980s,Alumni,"Canadian Taube was honored for his work on the mechanisms of electron transfer reactions, especially in metal complexes.",https://storage.googleapis.com/campaign-identity/images/taube-13352-portrait-mini-2x.2e16d0ba.fill-300x300_MrZtZ6S.jpg,photo of Henry Taube,https://www.nobelprize.org/prizes/chemistry/1983/taube/facts/,https://inspire.berkeley.edu/get-inspired/nobels/,TRUE,Ph.D. 1940,1940,260,Henry Taube,Henry Taube,Henry,Taube,male,1915-11-30,Neudorf,Canada,Canada,2005-11-16,"Stanford, CA",USA,https://en.wikipedia.org/wiki/Henry_Taube,Q235983,The Nobel Prize in Chemistry,"for his work on the mechanisms of electron transfer reactions, especially in metal complexes",1,1983-10-19,1500000,4698151,"Stanford University, Stanford, CA, USA",,,68,90
Lawrence Klein,Lawrence Klein ’42,’42,Economics,1980,1980s,Alumni,Klein was recognized for the creation of econometric models and the application to the analysis of economic fluctuations and economic policies.,https://storage.googleapis.com/campaign-identity/images/klein-13324-portrait-mini-2x.2e16d0ba.fill-300x300_AeBoDZE.jpg,photo of Lawrence Klein,https://www.nobelprize.org/prizes/economic-sciences/1980/klein/facts/,https://inspire.berkeley.edu/get-inspired/nobels/,TRUE,Undergraduate 1942,,694,Lawrence R. Klein,Lawrence R. Klein,Lawrence R.,Klein,male,1920-09-14,"Omaha, NE",USA,USA,2013-10-20,"Gladwyne, PA",USA,https://en.wikipedia.org/wiki/Lawrence_Klein,Q295761,The Sveriges Riksbank Prize in Economic Sciences in Memory of Alfred Nobel,for the creation of econometric models and the application to the analysis of economic fluctuations and economic policies,1,1980-10-15,880000,3654081,"University of Pennsylvania, Philadelphia, PA, USA",,,60,93
Willard Libby,"Willard Libby ’31, Ph.D. ’33","’31, Ph.D. ’33",Chemistry,1960,1960s,Alumni,"The Nobel Prize in Chemistry 1960 was awarded to Willard Frank Libby “for his method to use carbon-14 for age determination in archaeology, geology, geophysics, and other branches of science.”",https://storage.googleapis.com/campaign-identity/images/libby-13139-portrait-mini-2x.2e16d0ba.fill-300x300_Q17SW1K.jpg,photo of Willard Libby,https://www.nobelprize.org/prizes/chemistry/1960/summary/,https://inspire.berkeley.edu/get-inspired/nobels/,TRUE,Undergraduate 1931; Ph.D. 1933,1933,224,Willard F. Libby,Willard Frank Libby,Willard F.,Libby,male,1908-12-17,"Grand Valley, CO",USA,USA,1980-09-08,"Los Angeles, CA",USA,https://en.wikipedia.org/wiki/Willard_Libby,Q190486,The Nobel Prize in Chemistry,"for his method to use carbon-14 for age determination in archaeology, geology, geophysics, and other branches of science",1,1960-11-03,225987,3369907,"University of California, Los Angeles, CA, USA",,,52,72
Selman Waksman,Selman Waksman Ph.D. 1918,Ph.D. 1918,Physiology or Medicine,1952,1950s,Alumni,"Waksman was recognized for his discovery of streptomycin, the first antibiotic effective against tuberculosis.",https://storage.googleapis.com/campaign-identity/images/waksman-13085-portrait-mini-2x.2e16d0ba.fill-300x300_xdBB7Jp.jpg,photo of Selman Waksman,https://www.nobelprize.org/prizes/medicine/1952/waksman/facts/,https://inspire.berkeley.edu/get-inspired/nobels/,TRUE,Ph.D. 1918,1918,353,Selman A. Waksman,Selman Abraham Waksman,Selman A.,Waksman,male,1888-07-22,Priluka,Russian Empire,Ukraine,1973-08-16,"Hyannis, MA",USA,https://en.wikipedia.org/wiki/Selman_Waksman,Q232308,The Nobel Prize in Physiology or Medicine,"for his discovery of streptomycin, the first antibiotic effective against tuberculosis",1,1952-10-23,171135,3220326,"Rutgers University, New Brunswick, NJ, USA",,,64,85
Harold Urey,Harold Urey Ph.D. 1923,Ph.D. 1923,Chemistry,1934,1930s,Alumni,Urey was recognized for his discovery of heavy hydrogen.,https://storage.googleapis.com/campaign-identity/images/urey-12989-portrait-mini-2x.2e16d0ba.fill-300x300_PIVgmix.jpg,photo of Harold Urey,https://www.nobelprize.org/prizes/chemistry/1934/urey/facts/,https://inspire.berkeley.edu/get-inspired/nobels/,TRUE,Ph.D. 1923,1923,192,Harold C. Urey,Harold Clayton Urey,Harold C.,Urey,male,1893-04-29,"Walkerton, IN",USA,USA,1981-01-05,"La Jolla, CA",USA,https://en.wikipedia.org/wiki/Harold_Urey,Q179777,The Nobel Prize in Chemistry,for his discovery of heavy hydrogen,1,1934-11-15,162608,6534637,"Columbia University, New York, NY, USA",,,41,88
Gerard Debreu,Gerard Debreu,,Economics,1983,1980s,Faculty,Economist Debreu’s mathematical models provided the theoretical structure to explain the law of supply and demand.,https://storage.googleapis.com/campaign-identity/images/Debreu.2e16d0ba.fill-300x300_lWlqv6z.jpg,photo of Gerard Debreu,https://www.nobelprize.org/prizes/economic-sciences/1983/debreu/facts/,https://inspire.berkeley.edu/get-inspired/nobels/,TRUE,,,697,Gerard Debreu,Gerard Debreu,Gerard,Debreu,male,1921-07-04,Calais,France,France,2004-12-31,Paris,France,https://en.wikipedia.org/wiki/Gérard_Debreu,Q210960,The Sveriges Riksbank Prize in Economic Sciences in Memory of Alfred Nobel,for having incorporated new analytical methods into economic theory and for his rigorous reformulation of the theory of general equilibrium,1,1983-10-17,1500000,4698151,"University of California, Berkeley, CA, USA",,,62,83
Czesław Miłosz,Czesław Miłosz,,Literature,1980,1980s,Faculty,Miłosz’s poetry was prohibited by the Communist government of his native Poland; this ban ended when he was awarded the Nobel Prize.,https://storage.googleapis.com/campaign-identity/images/milosz-13325-portrait-mini-2x.2e16d0ba.fill-300x300_sXA6Vmc.jpg,photo of Czesław Miłosz,https://www.nobelprize.org/prizes/literature/1980/Milosz/facts/,https://inspire.berkeley.edu/get-inspired/nobels/,TRUE,,,657,Czesław Miłosz,Czesław Miłosz,Czesław,Miłosz,male,1911-06-30,Śeteniai,Russian Empire,Lithuania,2004-08-14,Kraków,Poland,https://en.wikipedia.org/wiki/Czesław_Miłosz,Q45970,The Nobel Prize in Literature,who with uncompromising clear-sightedness voices man's exposed condition in a world of severe conflicts,1,1980-10-09,880000,3654081,,,,69,93
Luis Alvarez,Luis Alvarez,,Physics,1968,1960s,Faculty,"Substituting hydrogen for ether in Donald Glaser’s bubble chamber, Alvarez produced a clearer track of speeding particles.",https://storage.googleapis.com/campaign-identity/images/Alvarez_468.2e16d0ba.fill-300x300_ZsranEq.jpg,photo of Luis Alvarez,https://www.nobelprize.org/prizes/physics/1968/alvarez/facts/,https://inspire.berkeley.edu/get-inspired/nobels/,TRUE,,,89,Luis Alvarez,Luis Walter Alvarez,Luis,Alvarez,male,1911-06-13,"San Francisco, CA",USA,USA,1988-09-01,"Berkeley, CA",USA,https://en.wikipedia.org/wiki/Luis_Walter_Alvarez,Q178344,The Nobel Prize in Physics,"for his decisive contributions to elementary particle physics, in particular the discovery of a large number of resonance states, made possible through his development of the technique of using hydrogen bubble chamber and data analysis",1,1968-10-30,350000,3859767,"University of California, Berkeley, CA, USA",,,57,77
Melvin Calvin,Melvin Calvin,,Chemistry,1961,1960s,Faculty,Calvin revealed the complete path of carbon in photosynthesis to explain how plants convert sunlight to food.,https://storage.googleapis.com/campaign-identity/images/Calvin_468.2e16d0ba.fill-300x300_FUEOwW0.jpg,photo of Melvin Calvin,https://www.nobelprize.org/prizes/chemistry/1961/calvin/facts/,https://inspire.berkeley.edu/get-inspired/nobels/,TRUE,,,225,Melvin Calvin,Melvin Calvin,Melvin,Calvin,male,1911-04-08,"St. Paul, MN",USA,USA,1997-01-08,"Berkeley, CA",USA,https://en.wikipedia.org/wiki/Melvin_Calvin,Q49347,The Nobel Prize in Chemistry,for his research on the carbon dioxide assimilation in plants,1,1961-11-02,250233,3639892,"University of California, Berkeley, CA, USA",,,50,86
Donald Glaser,Donald Glaser,,Physics,1960,1960s,Faculty,Glaser’s invention of the bubble chamber allowed scientists to track the movement of atomic particles.,https://storage.googleapis.com/campaign-identity/images/Glaser_Bancroft_468.b4712a3e.fill-300x300_7UryWWj.jpg,photo of Donald Glaser,https://www.nobelprize.org/prizes/physics/1960/glaser/facts/,https://inspire.berkeley.edu/get-inspired/nobels/,TRUE,,,74,Donald A. Glaser,Donald Arthur Glaser,Donald A.,Glaser,male,1926-09-21,"Cleveland, OH",USA,USA,2013-02-28,"Berkeley, CA",USA,https://en.wikipedia.org/wiki/Donald_A._Glaser,Q80905,The Nobel Prize in Physics,for the invention of the bubble chamber,1,1960-11-03,225987,3369907,"University of California, Berkeley, CA, USA",,,34,87
William Giauque,"William Giauque B.S. 1920, Ph.D. 1922","B.S. 1920, Ph.D. 1922",Chemistry,1949,1940s,Faculty,"By reaching below Absolute Zero for the first time in history, Giauque’s work proved one of the most basic laws of nature.",https://storage.googleapis.com/campaign-identity/images/Giauque468.2e16d0ba.fill-300x300_iBKxUBr.jpg,photo of William Giauque,https://www.nobelprize.org/prizes/chemistry/1949/giauque/facts/,https://inspire.berkeley.edu/get-inspired/nobels/,TRUE,B.S. 1920; Ph.D. 1922,1922,209,William F. Giauque,William Francis Giauque,William F.,Giauque,male,1895-05-12,Niagara Falls,Canada,Canada,1982-03-28,"Berkeley, CA",USA,https://en.wikipedia.org/wiki/William_Giauque,Q110073,The Nobel Prize in Chemistry,"for his contributions in the field of chemical thermodynamics, particularly concerning the behaviour of substances at extremely low temperatures",1,1949-11-03,156290,3705636,"University of California, Berkeley, CA, USA",,,54,87
Ernest Lawrence,Ernest Lawrence,,Physics,1939,1930s,Faculty,"Lawrence, awarded for his work on the cyclotron, was the first Nobelist at a public university.",https://storage.googleapis.com/campaign-identity/images/Lawrence_468.2e16d0ba.fill-300x300_p0PgZCb.jpg,photo of Ernest Lawrence,https://www.nobelprize.org/prizes/physics/1939/lawrence/facts/,https://inspire.berkeley.edu/get-inspired/nobels/,TRUE,,,47,Ernest Lawrence,Ernest Orlando Lawrence,Ernest,Lawrence,male,1901-08-08,"Canton, SD",USA,USA,1958-08-27,"Palo Alto, CA",USA,https://en.wikipedia.org/wiki/Ernest_Lawrence,Q169577,The Nobel Prize in Physics,"for the invention and development of the cyclotron and for results obtained with it, especially with regard to artificial radioactive elements",1,1939-11-09,148822,5346318,"University of California, Berkeley, CA, USA",,,38,57
David Baker,David Baker Ph.D. ’89,Ph.D. ’89,Chemistry,2024,2020s,Alumni,"Baker, a biochemist who worked with 2013 Nobelist Randy Schekman at Berkeley, was honored in 2024 for computational protein design.",https://storage.googleapis.com/campaign-identity/images/David-Baker-blackwhite.2e16d0ba.fill-300x300.jpg,photo of David Baker,https://www.nobelprize.org/prizes/chemistry/2024/baker/facts/,https://inspire.berkeley.edu/get-inspired/nobels/,TRUE,Ph.D. 1989,1989,1039,David Baker,David Baker,David,Baker,male,1962-00-00,"Seattle, WA",USA,USA,,,,https://en.wikipedia.org/wiki/David_Baker_(biochemist),Q3814528,The Nobel Prize in Chemistry,for computational protein design,1/2,2024-10-09,11000000,11000000,"University of Washington, Seattle, WA, USA; Howard Hughes Medical Institute, USA",,Demis Hassabis; John Jumper,62,
Gary Ruvkun,Gary Ruvkun ’73,’73,Physiology or Medicine,2024,2020s,Alumni,"Ruvkun, a 1973 graduate with a B.A. in biophysics, shares the prize with Victor Ambros, a professor at the UMass Chan Medical School, for their discovery of microRNA and and its role in post-transcriptional gene regulation.",https://storage.googleapis.com/campaign-identity/images/Ruvkun.2e16d0ba.fill-300x300.jpg,photo of Gary Ruvkun,https://www.nobelprize.org/prizes/medicine/2024/ruvkun/facts/,https://inspire.berkeley.edu/get-inspired/nobels/,TRUE,Undergraduate 1973,,1036,Gary Ruvkun,Gary Ruvkun,Gary,Ruvkun,male,1952-00-00,"Berkeley, CA",USA,USA,,,,https://en.wikipedia.org/wiki/Gary_Ruvkun,Q504021,The Nobel Prize in Physiology or Medicine,for the discovery of microRNA and its role in post-transcriptional gene regulation,1/2,2024-10-07,11000000,11000000,"Massachusetts General Hospital, Boston, MA, USA; Harvard Medical School, Boston, MA, USA",,Victor Ambros,72,
David Julius,David Julius Ph.D. ’84,Ph.D. ’84,Physiology or Medicine,2021,2020s,Alumni,Julius shared the prize with Ardem Patapoutian “for their discoveries of receptors for temperature and touch.”,https://storage.googleapis.com/campaign-identity/images/Julius750px.19d3998d.fill-300x300_lOJeQu4.jpg,photo of David Julius,https://www.nobelprize.org/prizes/medicine/2021/summary/,https://inspire.berkeley.edu/get-inspired/nobels/,TRUE,Ph.D. 1984,1984,997,David Julius,David Julius,David,Julius,male,1955-11-04,"New York, NY",USA,USA,,,,https://en.wikipedia.org/wiki/David_Julius,Q1174906,The Nobel Prize in Physiology or Medicine,for their discoveries of receptors for temperature and touch,1/2,2021-10-04,10000000,12096939,"University of California, San Francisco, CA, USA",,Ardem Patapoutian,66,
Frances Arnold,Frances Arnold Ph.D. ’85,Ph.D. ’85,Chemistry,2018,2010s,Alumni,"The Nobel Prize in Chemistry 2018 was divided, one half awarded to Arnold for the directed evolution of enzymes, the other half to George P. Smith and Sir Gregory P. Winter.",https://storage.googleapis.com/campaign-identity/images/arnold-57918-portrait-mini-2x.2e16d0ba.fill-300x300_XLRRXh1.jpg,photo of Frances Arnold,https://www.nobelprize.org/prizes/chemistry/2018/arnold/facts/,https://inspire.berkeley.edu/get-inspired/nobels/,TRUE,Ph.D. 1985,1985,963,Frances H. Arnold,Frances H. Arnold,Frances H.,Arnold,female,1956-07-25,"Pittsburgh, PA",USA,USA,,,,https://en.wikipedia.org/wiki/Frances_Arnold,Q4273363,The Nobel Prize in Chemistry,for the directed evolution of enzymes,1/2,2018-10-03,9000000,11380800,"California Institute of Technology (Caltech), Pasadena, CA, USA",,George P. Smith; Sir Gregory P. Winter,62,
David J. Wineland,David J. Wineland B.A. ’65,B.A. ’65,Physics,2012,2010s,Alumni,Wineland and Serge Haroche jointly received the physics prize for groundbreaking experimental methods that enable measuring and manipulation of individual quantum systems.,https://storage.googleapis.com/campaign-identity/images/wineland-15175-portrait-mini-2x.2e16d0ba.fill-300x300_cpheEsv.jpg,photo of David J. Wineland,https://www.nobelprize.org/prizes/physics/2012/wineland/facts/,https://inspire.berkeley.edu/get-inspired/nobels/,TRUE,B.A. 1965,,877,David J. Wineland,David J. Wineland,David J.,Wineland,male,1944-02-24,"Milwaukee, WI",USA,USA,,,,https://en.wikipedia.org/wiki/David_J._Wineland,Q61045,The Nobel Prize in Physics,for ground-breaking experimental methods that enable measuring and manipulation of individual quantum systems,1/2,2012-10-09,8000000,10573021,"National Institute of Standards and Technology, Boulder, CO, USA; University of Colorado, Boulder, CO, USA",,Serge Haroche,68,
Thomas Sargent,Thomas Sargent ’64,’64,Economics,2011,2010s,Alumni,The 2011 prize was awarded jointly to Sargent and Christopher Sims for their empirical research on cause and effect in the macroeconomy.,https://storage.googleapis.com/campaign-identity/images/sargent-15173-portrait-mini-2x.2e16d0ba.fill-300x300_ccBKGHp.jpg,photo of Thomas Sargent,https://www.nobelprize.org/prizes/economic-sciences/2011/sargent/facts/,https://inspire.berkeley.edu/get-inspired/nobels/,TRUE,Undergraduate 1964,,872,Thomas J. Sargent,Thomas J. Sargent,Thomas J.,Sargent,male,1943-07-19,"Pasadena, CA",USA,USA,,,,https://en.wikipedia.org/wiki/Thomas_J._Sargent,Q107964,The Sveriges Riksbank Prize in Economic Sciences in Memory of Alfred Nobel,for their empirical research on cause and effect in the macroeconomy,1/2,2011-10-10,10000000,13335208,"New York University, New York, NY, USA",,Christopher A. Sims,68,
Andrew Z. Fire,Andrew Z. Fire ’78,’78,Physiology or Medicine,2006,2000s,Alumni,Fire shared his prize with Craig Mello for their discovery of RNA interference — gene silencing by double-stranded RNA.,https://storage.googleapis.com/campaign-identity/images/fire-13719-portrait-mini-2x.2e16d0ba.fill-300x300_fDoEVUJ.jpg,photo of Andrew Z. Fire,https://www.nobelprize.org/prizes/medicine/2006/fire/facts/,https://inspire.berkeley.edu/get-inspired/nobels/,TRUE,Undergraduate 1978,,802,Andrew Z. Fire,Andrew Z. Fire,Andrew Z.,Fire,male,1959-04-27,"Stanford, CA",USA,USA,,,,https://en.wikipedia.org/wiki/Andrew_Fire,Q202152,The Nobel Prize in Physiology or Medicine,for their discovery of RNA interference - gene silencing by double-stranded RNA,1/2,2006-10-02,10000000,14608749,"Stanford University School of Medicine, Stanford, CA, USA",,Craig C. Mello,47,
John C. Mather,John C. Mather Ph.D. ’74,Ph.D. ’74,Physics,2006,2000s,Alumni,Mather and Berkeley professor George Smoot were recognized for their discovery of the blackbody form and anisotropy of the cosmic microwave background radiation.,https://storage.googleapis.com/campaign-identity/images/mather-13896-portrait-mini-2x.2e16d0ba.fill-300x300_i2ixYdP.jpg,photo of John C. Mather,https://www.nobelprize.org/prizes/physics/2006/mather/facts/,https://inspire.berkeley.edu/get-inspired/nobels/,TRUE,Ph.D. 1974,1974,804,John C. Mather,John C. Mather,John C.,Mather,male,1946-08-07,"Roanoke, VA",USA,USA,,,,https://en.wikipedia.org/wiki/John_C._Mather,Q104651,The Nobel Prize in Physics,for their discovery of the blackbody form and anisotropy of the cosmic microwave background radiation,1/2,2006-10-03,10000000,14608749,"NASA Goddard Space Flight Center, Greenbelt, MD, USA",,George F. Smoot,60,
Thomas C. Schelling,Thomas C. Schelling ’44,’44,Economics,2005,2000s,Alumni,Schelling shared his prize with Robert Aumann; they were recognized for enhancing understanding of conflict and cooperation through game-theory analysis.,https://storage.googleapis.com/campaign-identity/images/schelling-13708-portrait-mini-2x.2e16d0ba.fill-300x300_mR072bV.jpg,photo of Thomas C. Schelling,https://www.nobelprize.org/prizes/economic-sciences/2005/schelling/facts/,https://inspire.berkeley.edu/get-inspired/nobels/,TRUE,Undergraduate 1944,,800,Thomas C. Schelling,Thomas C. Schelling,Thomas C.,Schelling,male,1921-04-14,"Oakland, CA",USA,USA,2016-12-13,"Bethesda, MD",USA,https://en.wikipedia.org/wiki/Thomas_Schelling,Q206460,The Sveriges Riksbank Prize in Economic Sciences in Memory of Alfred Nobel,for having enhanced our understanding of conflict and cooperation through game-theory analysis,1/2,2005-10-10,10000000,14809494,"University of Maryland, Department of Economics and School of Public Policy, College Park, MD, USA",,Robert J. Aumann,84,95
Daniel Kahneman,Daniel Kahneman Ph.D. ’61,Ph.D. ’61,Economics,2002,2000s,Alumni,"Kahneman, who shared the prize with Vernon Smith, contributed an integrated economic analysis with fundamental insights from cognitive psychology that laid the foundation for a new field of research.",https://storage.googleapis.com/campaign-identity/images/kahneman-13673-portrait-mini-2x.2e16d0ba.fill-300x300_havGlQv.jpg,photo of Daniel Kahneman,https://www.nobelprize.org/prizes/economic-sciences/2002/kahneman/facts/,https://inspire.berkeley.edu/get-inspired/nobels/,TRUE,Ph.D. 1961,1961,759,Daniel Kahneman,Daniel Kahneman,Daniel,Kahneman,male,1934-03-05,Tel Aviv,British Mandate of Palestine,Israel,2024-03-27,,,https://en.wikipedia.org/wiki/Daniel_Kahneman,Q233950,The Sveriges Riksbank Prize in Economic Sciences in Memory of Alfred Nobel,"for having integrated insights from psychological research into economic science, especially concerning human judgment and decision-making under uncertainty",1/2,2002-10-09,10000000,15218228,"Princeton University, Princeton, NJ, USA",,Vernon L. Smith,68,90
Kary Mullis,Kary Mullis Ph.D. ’73,Ph.D. ’73,Chemistry,1993,1990s,Alumni,"This prize recognized contributions to developments of methods within DNA-based chemistry, with one half to Mullis for his invention of the polymerase chain reaction (PCR) method, the other to Michael Smith.",https://storage.googleapis.com/campaign-identity/images/mullis-13444-portrait-mini-2x.2e16d0ba.fill-300x300_7PEOxdU.jpg,photo of Kary Mullis,https://www.nobelprize.org/prizes/chemistry/1993/mullis/facts/,https://inspire.berkeley.edu/get-inspired/nobels/,TRUE,Ph.D. 1973,1973,278,Kary B. Mullis,Kary B. Mullis,Kary B.,Mullis,male,1944-12-28,"Lenoir, NC",USA,USA,2019-08-07,"Newport Beach, CA",USA,https://en.wikipedia.org/wiki/Kary_Mullis,Q157224,The Nobel Prize in Chemistry,for his invention of the polymerase chain reaction (PCR) method,1/2,1993-10-13,6700000,11436789,,,Michael Smith,49,75
Douglass North,"Douglass North ’42, Ph.D. 1952","’42, Ph.D. 1952",Economics,1993,1990s,Alumni,"For shedding new light on economic development in Europe and the United States before and in connection with the Industrial Revolution, North shared his prize with Robert Fogel.",https://storage.googleapis.com/campaign-identity/images/north-13447-portrait-mini-2x.2e16d0ba.fill-300x300_qRWCwiY.jpg,photo of Douglass North,https://www.nobelprize.org/prizes/economic-sciences/1993/north/facts/,https://inspire.berkeley.edu/get-inspired/nobels/,TRUE,Undergraduate 1942; Ph.D. 1952,1952,710,Douglass C. North,Douglass C. North,Douglass C.,North,male,1920-11-05,"Cambridge, MA",USA,USA,2015-11-23,"Benzonia, MI",USA,https://en.wikipedia.org/wiki/Douglass_North,Q243193,The Sveriges Riksbank Prize in Economic Sciences in Memory of Alfred Nobel,for having renewed research in economic history by applying economic theory and quantitative methods in order to explain economic and institutional change,1/2,1993-10-12,6700000,11436789,"Washington University, St. Louis, MO, USA",,Robert W. Fogel,73,95
Thomas Cech,Thomas Cech Ph.D. ’75,Ph.D. ’75,Chemistry,1989,1980s,Alumni,Cech shared his prize with Sidney Altman for their discovery of catalytic properties of RNA.,https://storage.googleapis.com/campaign-identity/images/cech-13410-portrait-mini-2x_V4maco.2e16d0ba.fill-300x300_4sFBM9N.jpg,photo of Thomas Cech,https://www.nobelprize.org/prizes/chemistry/1989/cech/facts/,https://inspire.berkeley.edu/get-inspired/nobels/,TRUE,Ph.D. 1975,1975,274,Thomas R. Cech,Thomas R. Cech,Thomas R.,Cech,male,1947-12-08,"Chicago, IL",USA,USA,,,,https://en.wikipedia.org/wiki/Thomas_Cech,Q135180,The Nobel Prize in Chemistry,for their discovery of catalytic properties of RNA,1/2,1989-10-12,3000000,6629077,"University of Colorado, Boulder, CO, USA",,Sidney Altman,42,
Willis Lamb,"Willis Lamb ’34, Ph.D. ’38","’34, Ph.D. ’38",Physics,1955,1950s,Alumni,"Lamb, who shared the prize with Polykarp Kusch, was recognized for his discoveries concerning the fine structure of the hydrogen spectrum.",https://storage.googleapis.com/campaign-identity/images/lamb-13107-portrait-mini-2x.2e16d0ba.fill-300x300_DDDjIt6.jpg,photo of Willis Lamb,https://www.nobelprize.org/prizes/physics/1955/lamb/facts/,https://inspire.berkeley.edu/get-inspired/nobels/,TRUE,Undergraduate 1934; Ph.D. 1938,1938,63,Willis E. Lamb,Willis Eugene Lamb,Willis E.,Lamb,male,1913-07-12,"Los Angeles, CA",USA,USA,2008-05-15,"Tucson, AZ",USA,https://en.wikipedia.org/wiki/Willis_Lamb,Q186497,The Nobel Prize in Physics,for his discoveries concerning the fine structure of the hydrogen spectrum,1/2,1955-11-02,190214,3390958,"Stanford University, Stanford, CA, USA",,Polykarp Kusch,42,95
Joseph Erlanger,Joseph Erlanger 1895,1895,Physiology or Medicine,1944,1940s,Alumni,Erlanger shared his prize with Herbert S. Gasser for their discoveries relating to the highly differentiated functions of single nerve fibers.,https://storage.googleapis.com/campaign-identity/images/erlanger-13030-portrait-mini-2x.2e16d0ba.fill-300x300_Y4nTFfJ.jpg,photo of Joseph Erlanger,https://www.nobelprize.org/prizes/medicine/1944/erlanger/facts/,https://inspire.berkeley.edu/get-inspired/nobels/,TRUE,Undergraduate 1895,,337,Joseph Erlanger,Joseph Erlanger,Joseph,Erlanger,male,1874-01-05,"San Francisco, CA",USA,USA,1965-12-05,"St. Louis, MO",USA,https://en.wikipedia.org/wiki/Joseph_Erlanger,Q243532,The Nobel Prize in Physiology or Medicine,for their discoveries relating to the highly differentiated functions of single nerve fibres,1/2,1944-10-26,121841,3174561,"Washington University, St. Louis, MO, USA",,Herbert S. Gasser,70,91
David Card,David Card,,Economics,2021,2020s,Faculty,Card shared his prize for work that challenged orthodoxy and dramatically shifted understanding of inequality and the social and economic forces that impact low-wage workers.,https://storage.googleapis.com/campaign-identity/images/Card.2e16d0ba.fill-300x300_79O3gdv.jpg,photo of David Card,https://www.nobelprize.org/prizes/economic-sciences/2021/summary/,https://inspire.berkeley.edu/get-inspired/nobels/,TRUE,,,1007,David Card,David Card,David,Card,male,1956-00-00,Guelph,Canada,Canada,,,,https://en.wikipedia.org/wiki/David_Card,Q1173928,The Sveriges Riksbank Prize in Economic Sciences in Memory of Alfred Nobel,for his empirical contributions to labour economics,1/2,2021-10-11,10000000,12096939,"University of California, Berkeley, CA, USA",,Guido W. Imbens; Joshua D. Angrist,65,
Jennifer Doudna,Jennifer Doudna,,Chemistry,2020,2020s,Faculty,Doudna shares her Nobel with colleague Emmanuelle Charpentier for the co-development of the genome editing breakthrough CRISPR-Cas9.,https://storage.googleapis.com/campaign-identity/images/doudna-111764-portrait-mini-2x.2e16d0ba.fill-300x300_3lbXPjz.jpg,photo of Jennifer Doudna,https://www.nobelprize.org/prizes/chemistry/2020/doudna/facts/,https://inspire.berkeley.edu/get-inspired/nobels/,TRUE,,,992,Jennifer A. Doudna,Jennifer A. Doudna,Jennifer A.,Doudna,female,1964-02-19,"Washington, D.C.",USA,USA,,,,https://en.wikipedia.org/wiki/Jennifer_Doudna,Q56068,The Nobel Prize in Chemistry,for the development of a method for genome editing,1/2,2020-10-07,10000000,12361835,"University of California, Berkeley, CA, USA",,Emmanuelle Charpentier,56,
Saul Perlmutter,Saul Perlmutter Ph.D. ’86,Ph.D. ’86,Physics,2011,2010s,Faculty,Perlmutter led a team that discovered the accelerating expansion of the universe; the prize was awarded jointly to Adam Riess — a fellow Cal alum — and Brian Schmidt.,https://storage.googleapis.com/campaign-identity/images/Perlmutter_468.cfbae9a0.fill-300x300_YzBY4Zs.jpg,photo of Saul Perlmutter,https://www.nobelprize.org/prizes/physics/2011/perlmutter/facts/,https://inspire.berkeley.edu/get-inspired/nobels/,TRUE,Ph.D. 1986,1986,864,Saul Perlmutter,Saul Perlmutter,Saul,Perlmutter,male,1959-00-00,"Champaign-Urbana, IL",USA,USA,,,,https://en.wikipedia.org/wiki/Saul_Perlmutter,Q106949,The Nobel Prize in Physics,for the discovery of the accelerating expansion of the Universe through observations of distant supernovae,1/2,2011-10-04,10000000,13335208,"Lawrence Berkeley National Laboratory, Berkeley, CA, USA; University of California, Berkeley, CA, USA",,Adam G. Riess; Brian P. Schmidt,52,
Oliver Williamson,Oliver Williamson,,Economics,2009,2000s,Faculty,Williamson’s research on economic governance opened an analytic window into the “make or buy” decisions that all businesses face.,https://storage.googleapis.com/campaign-identity/images/Williamson_468.2e16d0ba.fill-300x300_yInjah5.jpg,photo of Oliver Williamson,https://www.nobelprize.org/prizes/economic-sciences/2009/williamson/facts/,https://inspire.berkeley.edu/get-inspired/nobels/,TRUE,,,847,Oliver E. Williamson,Oliver E. Williamson,Oliver E.,Williamson,male,1932-09-27,"Superior, WI",USA,USA,,,,https://en.wikipedia.org/wiki/Oliver_E._Williamson,Q232062,The Sveriges Riksbank Prize in Economic Sciences in Memory of Alfred Nobel,"for his analysis of economic governance, especially the boundaries of the firm",1/2,2009-10-12,10000000,13857393,"University of California, Berkeley, CA, USA",,Elinor Ostrom,77,
George Smoot,George Smoot,,Physics,2006,2000s,Faculty,Astrophysicist Smoot shared this prize with Cal alum John Mather for imaging the infant universe.,https://storage.googleapis.com/campaign-identity/images/Smoot_468.0d3cb910.fill-300x300_2dV7whr.jpg,photo of George Smoot,https://www.nobelprize.org/prizes/physics/2006/smoot/facts/,https://inspire.berkeley.edu/get-inspired/nobels/,TRUE,,,805,George F. Smoot,George F. Smoot,George F.,Smoot,male,1945-02-20,"Yukon, FL",USA,USA,2025-09-18,Paris,France,https://en.wikipedia.org/wiki/George_Smoot,Q179572,The Nobel Prize in Physics,for their discovery of the blackbody form and anisotropy of the cosmic microwave background radiation,1/2,2006-10-03,10000000,14608749,"University of California, Berkeley, CA, USA",,John C. Mather,61,80
Daniel McFadden,Daniel McFadden,,Economics,2000,2000s,Faculty,McFadden’s econometric methods for studying behavioral patterns in individual decision-making earned him the Nobel Prize.,https://storage.googleapis.com/campaign-identity/images/McFadden_468.86dac9f2.fill-300x300_7bCmXw3.jpg,photo of Daniel McFadden,https://www.nobelprize.org/prizes/economic-sciences/2000/mcfadden/facts/,https://inspire.berkeley.edu/get-inspired/nobels/,TRUE,,,733,Daniel L. McFadden,Daniel L. McFadden,Daniel L.,McFadden,male,1937-07-29,"Raleigh, NC",USA,USA,,,,https://en.wikipedia.org/wiki/Daniel_McFadden,Q312560,The Sveriges Riksbank Prize in Economic Sciences in Memory of Alfred Nobel,for his development of theory and methods for analyzing discrete choice,1/2,2000-10-11,9000000,14331095,"University of California, Berkeley, CA, USA",,James J. Heckman,63,
Charles Townes,Charles Townes,,Physics,1964,1960s,Faculty,Townes’s research into the properties of light while designing radar systems during World War II led to the development of the laser.,https://storage.googleapis.com/campaign-identity/images/Townes_468.2e16d0ba.fill-300x300_khfvMJz.jpg,photo of Charles Townes,https://www.nobelprize.org/prizes/physics/1964/townes/facts/,https://inspire.berkeley.edu/get-inspired/nobels/,TRUE,,,81,Charles H. Townes,Charles Hard Townes,Charles H.,Townes,male,1915-07-28,"Greenville, SC",USA,USA,2015-01-27,"Berkeley, CA",USA,https://en.wikipedia.org/wiki/Charles_Hard_Townes,Q184566,The Nobel Prize in Physics,"for fundamental work in the field of quantum electronics, which has led to the construction of oscillators and amplifiers based on the maser-laser principle",1/2,1964-10-29,273000,3576149,"Massachusetts Institute of Technology (MIT), Cambridge, MA, USA",,Aleksandr M. Prokhorov; Nicolay G. Basov,49,100
Owen Chamberlain,Owen Chamberlain,,Physics,1959,1950s,Faculty,"Chamberlain and Emilio Segrè discovered the anti-proton, signaling a major leap in the study of matter and antimatter.",https://storage.googleapis.com/campaign-identity/images/chamberlain-13137-portrait-mini-2x.2e16d0ba.fill-300x300_5ECzqFR.jpg,photo of Owen Chamberlain,https://www.nobelprize.org/prizes/physics/1959/chamberlain/facts/,https://inspire.berkeley.edu/get-inspired/nobels/,TRUE,,,73,Owen Chamberlain,Owen Chamberlain,Owen,Chamberlain,male,1920-07-10,"San Francisco, CA",USA,USA,2006-02-28,"Berkeley, CA",USA,https://en.wikipedia.org/wiki/Owen_Chamberlain,Q183655,The Nobel Prize in Physics,for their discovery of the antiproton,1/2,1959-10-26,220678,3419788,"University of California, Berkeley, CA, USA",,Emilio Segrè,39,86
Emilio Segrè,Emilio Segrè,,Physics,1959,1950s,Faculty,"Segrè and Owen Chamberlain discovered the anti-proton, signaling a major leap in the study of matter and antimatter.",https://storage.googleapis.com/campaign-identity/images/segre-13138-portrait-mini-2x.2e16d0ba.fill-300x300_ADse7qL.jpg,photo of Emilio Segrè,https://www.nobelprize.org/prizes/physics/1959/segre/facts/,https://inspire.berkeley.edu/get-inspired/nobels/,TRUE,,,72,Emilio Segrè,Emilio Gino Segrè,Emilio,Segrè,male,1905-02-01,Tivoli,Italy,Italy,1989-04-22,"Lafayette, CA",USA,https://en.wikipedia.org/wiki/Emilio_G._Segrè,Q173028,The Nobel Prize in Physics,for their discovery of the antiproton,1/2,1959-10-26,220678,3419788,"University of California, Berkeley, CA, USA",,Owen Chamberlain,54,84
Edwin McMillan,Edwin McMillan,,Chemistry,1951,1950s,Faculty,McMillan discovered the element neptunium in 1940; he shared his Nobel with Glenn Seaborg.,https://storage.googleapis.com/campaign-identity/images/mcmillan-13075-portrait-mini-2x.2e16d0ba.fill-300x300_8ejS0Ru.jpg,photo of Edwin McMillan,https://www.nobelprize.org/prizes/chemistry/1951/mcmillan/facts/,https://inspire.berkeley.edu/get-inspired/nobels/,TRUE,,,212,Edwin M. McMillan,Edwin Mattison McMillan,Edwin M.,McMillan,male,1907-09-18,"Redondo Beach, CA",USA,USA,1991-09-07,"El Cerrito, CA",USA,https://en.wikipedia.org/wiki/Edwin_McMillan,Q19009,The Nobel Prize in Chemistry,for their discoveries in the chemistry of the transuranium elements,1/2,1951-11-15,167612,3396650,"University of California, Berkeley, CA, USA",,Glenn T. Seaborg,44,84
Glenn Seaborg,Glenn Seaborg Ph.D. ’37,Ph.D. ’37,Chemistry,1951,1950s,Faculty,"Seaborg continued Edwin McMillan’s studies on the transuranium elements, and in 1942, he discovered plutonium.",https://storage.googleapis.com/campaign-identity/images/seaborg-13076-portrait-mini-2x.2e16d0ba.fill-300x300_l2JFhwb.jpg,photo of Glenn Seaborg,https://www.nobelprize.org/prizes/chemistry/1951/seaborg/facts/,https://inspire.berkeley.edu/get-inspired/nobels/,TRUE,Ph.D. 1937,1937,213,Glenn T. Seaborg,Glenn Theodore Seaborg,Glenn T.,Seaborg,male,1912-04-19,"Ishpeming, MI",USA,USA,1999-02-25,"Lafayette, CA",USA,https://en.wikipedia.org/wiki/Glenn_T._Seaborg,Q48973,The Nobel Prize in Chemistry,for their discoveries in the chemistry of the transuranium elements,1/2,1951-11-15,167612,3396650,"University of California, Berkeley, CA, USA",,Edwin M. McMillan,39,87
Michel Devoret,Michel Devoret Postdoctoral Fellow ’82–’84,Postdoctoral Fellow ’82–’84,Physics,2025,2020s,Alumni,"Devoret’s award recognizes his work on quantum tunneling, one of many strange aspects of quantum mechanics. He shared the prize with John Clarke and John Martinis.",https://storage.googleapis.com/campaign-identity/images/michel-devoret.2e16d0ba.fill-300x300.jpg,photo of Michel Devoret,https://www.nobelprize.org/prizes/physics/2025/summary/,https://inspire.berkeley.edu/get-inspired/nobels/,TRUE,Postdoctoral Fellow 1982–1984,,1051,Michel H. Devoret,Michel H. Devoret,Michel H.,Devoret,male,1953-00-00,Paris,France,France,,,,https://en.wikipedia.org/wiki/Michel_Devoret,Q26703310,The Nobel Prize in Physics,for the discovery of macroscopic quantum mechanical tunnelling and energy quantisation in an electric circuit,1/3,2025-10-07,11000000,11000000,"Yale University, New Haven, CT, USA; University of California, Santa Barbara, CA, USA; Google Quantum AI, Santa Barbara, CA, USA",,John Clarke; John M. Martinis,72,
John Martinis,"John Martinis ’80, Ph.D. ’86","’80, Ph.D. ’86",Physics,2025,2020s,Alumni,"Martinis’s award recognizes his work on quantum tunneling, one of many strange aspects of quantum mechanics. He shared the prize with John Clarke and Michel H. Devoret.",https://storage.googleapis.com/campaign-identity/images/john-martinis.2e16d0ba.fill-300x300.jpg,photo of John Martinis,https://www.nobelprize.org/prizes/physics/2025/summary/,https://inspire.berkeley.edu/get-inspired/nobels/,TRUE,Undergraduate 1980; Ph.D. 1986,1986,1052,John M. Martinis,John M. Martinis,John M.,Martinis,male,1958-00-00,,,,,,,https://en.wikipedia.org/wiki/John_M._Martinis,Q28976188,The Nobel Prize in Physics,for the discovery of macroscopic quantum mechanical tunnelling and energy quantisation in an electric circuit,1/3,2025-10-07,11000000,11000000,"University of California, Santa Barbara, CA, USA; Qolab, Los Angeles, CA, USA",,John Clarke; Michel H. Devoret,67,
Carolyn Bertozzi,Carolyn Bertozzi Ph.D. ’93,Ph.D. ’93,Chemistry,2022,2020s,Alumni,"Bertozzi’s research into bioorthogonal reactions furthers the work of her co-winners, who developed the new field of “click chemistry.”",https://storage.googleapis.com/campaign-identity/images/bertozzi_headshot_cicero3.1383c28d.fill-300x300_GvWEWK5.jpg,photo of Carolyn Bertozzi,https://www.nobelprize.org/prizes/chemistry/2022/press-release/,https://inspire.berkeley.edu/get-inspired/nobels/,TRUE,Ph.D. 1993,1993,1015,Carolyn Bertozzi,Carolyn R. Bertozzi,Carolyn,Bertozzi,female,1966-10-10,"Boston, MA",USA,USA,,,,https://en.wikipedia.org/wiki/Carolyn_R._Bertozzi,Q7442,The Nobel Prize in Chemistry,for the development of click chemistry and bioorthogonal chemistry,1/3,2022-10-05,10000000,11162900,"Stanford University, Stanford, CA, USA; Howard Hughes Medical Institute, USA",,K. Barry Sharpless; Morten Meldal,56,
John Clauser,John Clauser Postdoctoral Fellow ’69–’75,Postdoctoral Fellow ’69–’75,Physics,2022,2020s,Alumni,"The prize was awarded jointly to Alain Aspect, John F. Clauser, and Anton Zeilinger “for experiments with entangled photons, establishing the violation of Bell inequalities and pioneering quantum information science.”",https://storage.googleapis.com/campaign-identity/images/Clauser.2e16d0ba.fill-300x300.jpg,photo of John Clauser,https://www.nobelprize.org/prizes/physics/2022/clauser/facts/,https://inspire.berkeley.edu/get-inspired/nobels/,TRUE,Postdoctoral Fellow 1969–1975,,1013,John Clauser,John F. Clauser,John,Clauser,male,1942-12-01,"Pasadena, CA",USA,USA,,,,https://en.wikipedia.org/wiki/John_Clauser,Q1365270,The Nobel Prize in Physics,"for experiments with entangled photons, establishing the violation of Bell inequalities and  pioneering quantum information science",1/3,2022-10-04,10000000,11162900,"J.F. Clauser & Assoc., Walnut Creek, CA, USA",,Alain Aspect; Anton Zeilinger,80,
Carol Greider,Carol Greider Ph.D. ’87,Ph.D. ’87,Physiology or Medicine,2009,2000s,Alumni,"With Elizabeth Blackburn and Jack Szostak, Greider received a Nobel for the discovery of how chromosomes are protected by telomeres and the enzyme telomerase.",https://storage.googleapis.com/campaign-identity/images/greider-15145-portrait-mini-2x.2e16d0ba.fill-300x300_4XqgaTa.jpg,photo of Carol Greider,https://www.nobelprize.org/prizes/medicine/2009/greider/facts/,https://inspire.berkeley.edu/get-inspired/nobels/,TRUE,Ph.D. 1987,1987,836,Carol W. Greider,Carol W. Greider,Carol W.,Greider,female,1961-04-15,"San Diego, CA",USA,USA,,,,https://en.wikipedia.org/wiki/Carol_W._Greider,Q26322,The Nobel Prize in Physiology or Medicine,for the discovery of how chromosomes are protected by telomeres and the enzyme telomerase,1/3,2009-10-05,10000000,13857393,"Johns Hopkins University School of Medicine, Baltimore, MD, USA",,Elizabeth H. Blackburn; Jack W. Szostak,48,
David Gross,David Gross Ph.D. ’66,Ph.D. ’66,Physics,2004,2000s,Alumni,"Gross, H. David Politzer, and Frank Wilczek received the physics prize for the discovery of asymptotic freedom in the theory of the strong interaction.",https://storage.googleapis.com/campaign-identity/images/gross-13701-portrait-mini-2x.2e16d0ba.fill-300x300_PqhfnJc.jpg,photo of David Gross,https://www.nobelprize.org/prizes/physics/2004/gross/facts/,https://inspire.berkeley.edu/get-inspired/nobels/,TRUE,Ph.D. 1966,1966,776,David J. Gross,David J. Gross,David J.,Gross,male,1941-02-19,"Washington, D.C.",USA,USA,,,,https://en.wikipedia.org/wiki/David_Gross,Q40262,The Nobel Prize in Physics,for the discovery of asymptotic freedom in the theory of the strong interaction,1/3,2004-10-05,10000000,14874529,"University of California, Kavli Institute for Theoretical Physics, Santa Barbara, CA, USA",,Frank Wilczek; H. David Politzer,63,
Alan Heeger,Alan Heeger Ph.D. ’61,Ph.D. ’61,Chemistry,2000,2000s,Alumni,"For the discovery and development of conductive polymers, Heeger shared his prize with Alan MacDiarmid and Hideki Shirakawa.",https://storage.googleapis.com/campaign-identity/images/heeger-13522-portrait-mini-2x.2e16d0ba.fill-300x300_u8b9MnL.jpg,photo of Alan Heeger,https://www.nobelprize.org/prizes/chemistry/2000/heeger/facts/,https://inspire.berkeley.edu/get-inspired/nobels/,TRUE,Ph.D. 1961,1961,729,Alan Heeger,Alan J. Heeger,Alan,Heeger,male,1936-01-22,"Sioux City, IA",USA,USA,,,,https://en.wikipedia.org/wiki/Alan_J._Heeger,Q106751,The Nobel Prize in Chemistry,for the discovery and development of conductive polymers,1/3,2000-10-10,9000000,14331095,"University of California, Santa Barbara, CA, USA",,Alan MacDiarmid; Hideki Shirakawa,64,
Robert Laughlin,Robert Laughlin ’72,’72,Physics,1998,1990s,Alumni,Laughlin shared his prize with Horst L. Störmer and Daniel C. Tsui for their discovery of a new form of quantum fluid with fractionally charged excitations.,https://storage.googleapis.com/campaign-identity/images/laughlin-13513-portrait-mini-2x.2e16d0ba.fill-300x300_aZlA8Ku.jpg,photo of Robert Laughlin,https://www.nobelprize.org/prizes/physics/1998/laughlin/facts/,https://inspire.berkeley.edu/get-inspired/nobels/,TRUE,Undergraduate 1972,,155,Robert B. Laughlin,Robert B. Laughlin,Robert B.,Laughlin,male,1950-11-01,"Visalia, CA",USA,USA,,,,https://en.wikipedia.org/wiki/Robert_B._Laughlin,Q189997,The Nobel Prize in Physics,for their discovery of a new form of quantum fluid with fractionally charged excitations,1/3,1998-10-13,7600000,12283299,"Stanford University, Stanford, CA, USA",,Daniel C. Tsui; Horst L. Störmer,48,
Steven Chu,Steven Chu Ph.D. ’76,Ph.D. ’76,Physics,1997,1990s,Alumni,"The 1997 prize was awarded jointly to Chu, Claude Cohen-Tannoudji, and William D. Phillips for the development of methods to cool and trap atoms with laser light.",https://storage.googleapis.com/campaign-identity/images/chu-13501-portrait-mini-2x.2e16d0ba.fill-300x300_0hadU6G.jpg,photo of Steven Chu,https://www.nobelprize.org/prizes/physics/1997/chu/facts/,https://inspire.berkeley.edu/get-inspired/nobels/,TRUE,Ph.D. 1976,1976,152,Steven Chu,Steven Chu,Steven,Chu,male,1948-02-28,"St. Louis, MO",USA,USA,,,,https://en.wikipedia.org/wiki/Steven_Chu,Q172466,The Nobel Prize in Physics,for development of methods to cool and trap atoms with laser light,1/3,1997-10-15,7500000,12105174,"Stanford University, Stanford, CA, USA",,Claude Cohen-Tannoudji; William D. Phillips,49,
Robert Curl,Robert Curl Ph.D. ’57,Ph.D. ’57,Chemistry,1996,1990s,Alumni,"Curl, Sir Harold W. Kroto, and Richard E. Smalley were jointly awarded in chemistry for their discovery of fullerenes.",https://storage.googleapis.com/campaign-identity/images/curl-13479-portrait-mini-2x.2e16d0ba.fill-300x300_ZLPpIN8.jpg,photo of Robert Curl,https://www.nobelprize.org/prizes/chemistry/1996/curl/facts/,https://inspire.berkeley.edu/get-inspired/nobels/,TRUE,Ph.D. 1957,1957,284,Robert F. Curl Jr.,Robert F. Curl Jr.,Robert F.,Curl Jr.,male,1933-08-23,"Alice, TX",USA,USA,2022-07-03,"Houston, TX",USA,https://en.wikipedia.org/wiki/Robert_Curl,Q110930,The Nobel Prize in Chemistry,for their discovery of fullerenes,1/3,1996-10-09,7400000,12000958,"Rice University, Houston, TX, USA",,Richard E. Smalley; Sir Harold Kroto,63,89
Mario Molina,Mario Molina Ph.D. ’72,Ph.D. ’72,Chemistry,1995,1990s,Alumni,"Mexican-born Molina shared his prize with Paul Crutzen and F. Sherwood Rowland for their work in atmospheric chemistry, particularly concerning the formation and decomposition of ozone.",https://storage.googleapis.com/campaign-identity/images/molina-13468-portrait-mini-2x.2e16d0ba.fill-300x300_NaU9WXe.jpg,photo of Mario Molina,https://www.nobelprize.org/prizes/chemistry/1995/molina/facts/,https://inspire.berkeley.edu/get-inspired/nobels/,TRUE,Ph.D. 1972,1972,282,Mario J. Molina,Mario J. Molina,Mario J.,Molina,male,1943-03-19,Mexico City,Mexico,Mexico,2020-10-07,Mexico City,Mexico,https://en.wikipedia.org/wiki/Mario_J._Molina,Q19045,The Nobel Prize in Chemistry,"for their work in atmospheric chemistry, particularly concerning the formation and decomposition of ozone",1/3,1995-10-11,7200000,11732784,"Massachusetts Institute of Technology (MIT), Cambridge, MA, USA",,F. Sherwood Rowland; Paul J. Crutzen,52,77
Hamilton Smith,Hamilton Smith ’52,’52,Physiology or Medicine,1978,1970s,Alumni,"Smith, Werner Arberm, and Daniel Nathans earned their shared Nobel for the discovery of restriction enzymes and their application to problems of molecular genetics.",https://storage.googleapis.com/campaign-identity/images/smith-13304-portrait-mini-2x.2e16d0ba.fill-300x300_Wtjyfoi.jpg,photo of Hamilton Smith,https://www.nobelprize.org/prizes/medicine/1978/smith/facts/,https://inspire.berkeley.edu/get-inspired/nobels/,TRUE,Undergraduate 1952,,416,Hamilton O. Smith,Hamilton O. Smith,Hamilton O.,Smith,male,1931-08-23,"New York, NY",USA,USA,2025-10-25,"Ellicott City, MD",USA,https://en.wikipedia.org/wiki/Hamilton_O._Smith,Q108896,The Nobel Prize in Physiology or Medicine,for the discovery of restriction enzymes and their application to problems of molecular genetics,1/3,1978-10-12,725000,3665192,"Johns Hopkins University School of Medicine, Baltimore, MD, USA",,Daniel Nathans; Werner Arber,47,94
John Clarke,John Clarke,,Physics,2025,2020s,Faculty,"An emeritus professor of physics at Berkeley, Clarke’s award recognizes his work on quantum tunneling, one of many strange aspects of quantum mechanics. Clarke shared the prize with Michel H. Devoret and John M. Martinis, who at the time of their prize-winning research were at UC Berkeley.",https://storage.googleapis.com/campaign-identity/images/Clarke_John-1362x2048.2e16d0ba.fill-300x300.jpg,photo of John Clarke,https://www.nobelprize.org/prizes/physics/2025/summary/,https://inspire.berkeley.edu/get-inspired/nobels/,TRUE,,,1050,John Clarke,John Clarke,John,Clarke,male,1942-00-00,Cambridge,United Kingdom,United Kingdom,,,,https://en.wikipedia.org/wiki/John_Clarke_(physicist),Q555849,The Nobel Prize in Physics,for the discovery of macroscopic quantum mechanical tunnelling and energy quantisation in an electric circuit,1/3,2025-10-07,11000000,11000000,"University of California, Berkeley, CA, USA",,John M. Martinis; Michel H. Devoret,83,
Omar Yaghi,Omar Yaghi,,Chemistry,2025,2020s,Faculty,"Yaghi was cited — alongside Richard Robson and Susumu Kitagawa — for creating “molecular constructions with large spaces through which gases and other chemicals can flow. These constructions, metal-organic frameworks, can be used to harvest water from desert air, capture carbon dioxide, store toxic gases or catalyze chemical reactions.”",https://storage.googleapis.com/campaign-identity/images/OmarYaghi_by_BHS.2e16d0ba.fill-300x300.jpg,photo of Omar Yaghi,https://www.nobelprize.org/prizes/chemistry/2025/summary/,https://inspire.berkeley.edu/get-inspired/nobels/,TRUE,,,1055,Omar M. Yaghi,Omar M. Yaghi,Omar M.,Yaghi,male,1965-02-09,Amman,Jordan,Jordan,,,,https://en.wikipedia.org/wiki/Omar_M._Yaghi,Q743252,The Nobel Prize in Chemistry,for the development of metal–organic frameworks,1/3,2025-10-08,11000000,11000000,"University of California, Berkeley, CA, USA",,Richard Robson; Susumu Kitagawa,60,
Eric Betzig,Eric Betzig,,Chemistry,2014,2010s,Faculty,Betzig’s development of super-resolution fluorescence microscopy allows scientists to look inside cells and visualize the pathways of individual molecules.,https://storage.googleapis.com/campaign-identity/images/Betzig_468x312.2e16d0ba.fill-300x300_cXWQhHo.jpg,photo of Eric Betzig,https://www.nobelprize.org/prizes/chemistry/2014/betzig/facts/,https://inspire.berkeley.edu/get-inspired/nobels/,TRUE,,,909,Eric Betzig,Eric Betzig,Eric,Betzig,male,1960-01-13,"Ann Arbor, MI",USA,USA,,,,https://en.wikipedia.org/wiki/Eric_Betzig,Q1351105,The Nobel Prize in Chemistry,for the development of super-resolved fluorescence microscopy,1/3,2014-10-08,8000000,10596648,"Janelia Research Campus, Howard Hughes Medical Institute, Ashburn, VA, USA",,Stefan W. Hell; William E. Moerner,54,
Randy Schekman,Randy Schekman,,Physiology or Medicine,2013,2010s,Faculty,"Schekman discovered how cells export proteins, allowing the production and secretion of drugs by yeast cells and sparking a biotech revolution.",https://storage.googleapis.com/campaign-identity/images/Schekman_468.7b521165.fill-300x300_2ocVuqb.jpg,photo of Randy Schekman,https://www.nobelprize.org/prizes/medicine/2013/schekman/facts/,https://inspire.berkeley.edu/get-inspired/nobels/,TRUE,,,885,Randy W. Schekman,Randy W. Schekman,Randy W.,Schekman,male,1948-12-30,"St. Paul, MN",USA,USA,,,,https://en.wikipedia.org/wiki/Randy_Schekman,Q740638,The Nobel Prize in Physiology or Medicine,"for their discoveries of machinery regulating vesicle traffic, a major transport system in our cells",1/3,2013-10-07,8000000,10578918,"University of California, Berkeley, CA, USA; Howard Hughes Medical Institute, USA",,James E. Rothman; Thomas C. Südhof,65,
George Akerlof,George Akerlof,,Economics,2001,2000s,Faculty,Macroeconomist Akerlof broke with established economic theory in illustrating how markets malfunction when buyers and sellers have access to different information.,https://storage.googleapis.com/campaign-identity/images/akerlof_468.2e16d0ba.fill-300x300_MmUFzqd.jpg,photo of George Akerlof,https://www.nobelprize.org/prizes/economic-sciences/2001/akerlof/facts/,https://inspire.berkeley.edu/get-inspired/nobels/,TRUE,,,744,George A. Akerlof,George A. Akerlof,George A.,Akerlof,male,1940-06-17,"New Haven, CT",USA,USA,,,,https://en.wikipedia.org/wiki/George_Akerlof,Q222541,The Sveriges Riksbank Prize in Economic Sciences in Memory of Alfred Nobel,for their analyses of markets with asymmetric information,1/3,2001-10-10,10000000,15547541,"University of California, Berkeley, CA, USA",,A. Michael Spence; Joseph E. Stiglitz,61,
John Harsanyi,John Harsanyi,,Economics,1994,1990s,Faculty,"Harsanyi expanded the application of game theory, eventually addressing the prediction of outcomes in games or circumstances in which players lack complete information.",https://storage.googleapis.com/campaign-identity/images/Harsanyi.2e16d0ba.fill-300x300_RzEkVwU.jpg,photo of John Harsanyi,https://www.nobelprize.org/prizes/economic-sciences/1994/harsanyi/facts/,https://inspire.berkeley.edu/get-inspired/nobels/,TRUE,,,711,John C. Harsanyi,John C. Harsanyi,John C.,Harsanyi,male,1920-05-29,Budapest,Hungary,Hungary,2000-08-09,"Berkeley, CA",USA,https://en.wikipedia.org/wiki/John_Harsanyi,Q272510,The Sveriges Riksbank Prize in Economic Sciences in Memory of Alfred Nobel,for their pioneering analysis of equilibria in the theory of non-cooperative games,1/3,1994-10-11,7000000,11696265,"University of California, Berkeley, CA, USA",,John F. Nash Jr.; Reinhard Selten,74,80
Yuan T. Lee,Yuan T. Lee Ph.D. ’65,Ph.D. ’65,Chemistry,1986,1980s,Faculty,"Lee designed experiments that sent streams of intensely packed molecules into each other at supersonic speeds, contributing to today’s powerful lasers.",https://storage.googleapis.com/campaign-identity/images/Lee.2e16d0ba.fill-300x300_PUk8NxO.jpg,photo of Yuan T. Lee,https://www.nobelprize.org/prizes/chemistry/1986/lee/facts/,https://inspire.berkeley.edu/get-inspired/nobels/,TRUE,Ph.D. 1965,1965,265,Yuan T. Lee,Yuan T. Lee,Yuan T.,Lee,male,1936-11-19,Hsinchu,Taiwan,Taiwan,,,,https://en.wikipedia.org/wiki/Yuan_T._Lee,Q243190,The Nobel Prize in Chemistry,for their contributions concerning the dynamics of chemical elementary processes,1/3,1986-10-15,2000000,5182514,"University of California, Berkeley, CA, USA",,Dudley R. Herschbach; John C. Polanyi,50,
Barry Barish,"Barry Barish ’57, Ph.D. ’62","’57, Ph.D. ’62",Physics,2017,2010s,Alumni,"For decisive contributions to the LIGO detector and the observation of gravitational waves, Barish shared his prize with Rainer Weiss and Kip Thorne.",https://storage.googleapis.com/campaign-identity/images/barish-15224-portrait-mini-2x.2e16d0ba.fill-300x300_Prn2WP0.jpg,photo of Barry Barish,https://www.nobelprize.org/prizes/physics/2017/barish/facts/,https://inspire.berkeley.edu/get-inspired/nobels/,TRUE,Undergraduate 1957; Ph.D. 1962,1962,942,Barry C. Barish,Barry C. Barish,Barry C.,Barish,male,1936-01-27,"Omaha, NE",USA,USA,,,,https://en.wikipedia.org/wiki/Barry_Barish,Q15900993,The Nobel Prize in Physics,for decisive contributions to the LIGO detector and the observation of gravitational waves,1/4,2017-10-03,9000000,11603589,"LIGO/VIRGO Collaboration; California Institute of Technology (Caltech), Pasadena, CA, USA",,Kip S. Thorne; Rainer Weiss,81,
Adam Guy Riess,Adam Guy Riess Miller Fellow ’96–99,Miller Fellow ’96–99,Physics,2011,2010s,Alumni,Berkeley professor Saul Perlmutter (a fellow Cal alum) led a team that discovered the accelerating expansion of the universe; the prize was awarded jointly to Riess and Brian Schmidt.,https://storage.googleapis.com/campaign-identity/images/riess-15164-portrait-mini-2x.2e16d0ba.fill-300x300_08d6QvA.jpg,photo of Adam Guy Riess,https://www.nobelprize.org/prizes/physics/2011/riess/facts/,https://inspire.berkeley.edu/get-inspired/nobels/,TRUE,Miller Fellow 99 1996,,866,Adam G. Riess,Adam G. Riess,Adam G.,Riess,male,1969-12-16,"Washington, D.C.",USA,USA,,,,https://en.wikipedia.org/wiki/Adam_Riess,Q106454,The Nobel Prize in Physics,for the discovery of the accelerating expansion of the Universe through observations of distant supernovae,1/4,2011-10-04,10000000,13335208,"Johns Hopkins University, Baltimore, MD, USA; Space Telescope Science Institute, Baltimore, MD, USA",,Brian P. Schmidt; Saul Perlmutter,42,
Reinhard Genzel,Reinhard Genzel,,Physics,2020,2020s,Faculty,"Genzel won the physics prize for the discovery of, at the center of our galaxy, a black hole four million times the mass of our sun.",https://storage.googleapis.com/campaign-identity/images/genzel-111759-portrait-mini-2x.2e16d0ba.fill-300x300_c3NhyKo.jpg,photo of Reinhard Genzel,https://www.nobelprize.org/prizes/physics/2020/genzel/facts/,https://inspire.berkeley.edu/get-inspired/nobels/,TRUE,,,989,Reinhard Genzel,Reinhard Genzel,Reinhard,Genzel,male,1952-03-24,Bad Homburg vor der Höhe,Germany,Germany,,,,https://en.wikipedia.org/wiki/Reinhard_Genzel,Q65807,The Nobel Prize in Physics,for the discovery of a supermassive compact object at the centre of our galaxy,1/4,2020-10-06,10000000,12361835,"Max Planck Institute for Extraterrestrial Physics, Garching, Germany; University of California, Berkeley, CA, USA",,Andrea Ghez; Roger Penrose,68,
John Howard Northrop,John Howard Northrop,,Chemistry,1946,1940s,Faculty,"Northrop and Wendell Stanley share a chemistry prize; one for isolating a pure enzyme for the first time and the other for isolating a virus, respectively.",https://storage.googleapis.com/campaign-identity/images/northrop-13041-portrait-mini-2x.2e16d0ba.fill-300x300_vwgyvq0.jpg,photo of John Howard Northrop,https://www.nobelprize.org/prizes/chemistry/1946/northrop/facts/,https://inspire.berkeley.edu/get-inspired/nobels/,TRUE,,,205,John H. Northrop,John Howard Northrop,John H.,Northrop,male,1891-07-05,"Yonkers, NY",USA,USA,1987-05-27,"Wickenberg, AZ",USA,https://en.wikipedia.org/wiki/John_Howard_Northrop,Q106399,The Nobel Prize in Chemistry,for their preparation of enzymes and virus proteins in a pure form,1/4,1946-11-14,121524,3166301,"Rockefeller Institute for Medical Research, Princeton, NJ, USA",,James B. Sumner; Wendell M. Stanley,55,96
Wendell Stanley,Wendell Stanley,,Chemistry,1946,1940s,Faculty,"Stanley and John Howard Northrop share a chemistry prize; one for isolating a pure enzyme for the first time and the other for isolating a virus, respectively.",https://storage.googleapis.com/campaign-identity/images/stanley-13042-portrait-mini-2x.2e16d0ba.fill-300x300_9pXcqzN.jpg,photo of Wendell Stanley,https://www.nobelprize.org/prizes/chemistry/1946/stanley/facts/,https://inspire.berkeley.edu/get-inspired/nobels/,TRUE,,,206,Wendell M. Stanley,Wendell Meredith Stanley,Wendell M.,Stanley,male,1904-08-16,"Ridgeville, IN",USA,USA,1971-06-15,Salamanca,Spain,https://en.wikipedia.org/wiki/Wendell_Meredith_Stanley,Q105937,The Nobel Prize in Chemistry,for their preparation of enzymes and virus proteins in a pure form,1/4,1946-11-14,121524,3166301,"Rockefeller Institute for Medical Research, Princeton, NJ, USA",,James B. Sumner; John H. Northrop,42,67